{
    "$schema": "https://schema.management.azure.com/schemas/2015-01-01/deploymentParameters.json#",
    "contentVersion": "1.0.0.0",
    "parameters": {
        "factoryName": {
            "value": "superfundDF"
        },
        "AzureBlobStorage1_connectionString": {
            "value": ""
        },
        "superfundblobstorage_connectionString": {
            "value": ""
        },
        "superfundtablestorage_connectionString": {
            "value": ""
        },
        "AzureBlob1_properties_typeProperties_fileName": {
            "value": "SflUsiExtract.csv"
        },
        "AzureBlob1_properties_typeProperties_folderPath": {
            "value": "superfundcontainer"
        },
        "containerUri": {
            "value": ""
        },
        "containerSasToken": {
            "value": ""
        }
    }
}